{"machine_Rabi":[0.0,2.1939256983255877,1.22037721121384,3.570449123870543,9.529822407676692,14.002890712636635,14.856284755435535,12.381452296493164,13.5124015750265,12.44627895605722,7.897694500137879,2.295166207498037,7.259933465549761e-5,0.7650148071413962,0.28770240021145277,0.02385565796296735,5.2879252089937934e-5,0.0017557359997881217,2.4317540457941207,4.258431420334356,4.2658395122760435,4.1312812022703636,5.337851376003504,3.7601410658506307,0.0],"machine_clocks":[0.0,0.05,0.1,0.15000000000000002,0.2,0.25,0.30000000000000004,0.35000000000000003,0.4,0.45,0.5,0.55,0.6000000000000001,0.65,0.7000000000000001,0.75,0.8,0.8500000000000001,0.9,0.9500000000000001,1.0,1.05,1.1,1.1500000000000001,1.2000000000000002],"t":[0.0,0.05,0.1,0.15000000000000002,0.2,0.25,0.3,0.35,0.39999999999999997,0.44999999999999996,0.49999999999999994,0.5499999999999999,0.6,0.65,0.7000000000000001,0.7500000000000001,0.8000000000000002,0.8500000000000002,0.9000000000000002,0.9500000000000003,1.0000000000000002,1.0500000000000003,1.1000000000000003,1.1500000000000004,1.2000000000000004],"machine_Det":[0.0,-5.7536732491568765,-7.067698572767664,-3.668076599722141,-5.259571062422848,-13.448110250145664,-17.31226409974221,-14.436848771782834,-4.5539111107028285,8.945602881613175,20.86316488125752,25.982597932159095,24.364342920750932,16.13733224987014,2.9785476917756526,-7.3183262648619545,-11.820720154977074,-9.745936420059934,-2.1725763273167775,5.7570609983004974,10.060823762786338,9.918138523348505,7.883300059204064,6.0694552201042375,0.0],"a":[[0.0,0.0],[2.1939256983255877,-5.7536732491568765],[1.22037721121384,-7.067698572767664],[3.570449123870543,-3.668076599722141],[9.529822407676692,-5.259571062422848],[14.002890712636635,-13.448110250145664],[14.856284755435535,-17.31226409974221],[12.381452296493164,-14.436848771782834],[13.5124015750265,-4.5539111107028285],[12.44627895605722,8.945602881613175],[7.897694500137879,20.86316488125752],[2.295166207498037,25.982597932159095],[7.259933465549761e-5,24.364342920750932],[0.7650148071413962,16.13733224987014],[0.28770240021145277,2.9785476917756526],[0.02385565796296735,-7.3183262648619545],[5.2879252089937934e-5,-11.820720154977074],[0.0017557359997881217,-9.745936420059934],[2.4317540457941207,-2.1725763273167775],[4.258431420334356,5.7570609983004974],[4.2658395122760435,10.060823762786338],[4.1312812022703636,9.918138523348505],[5.337851376003504,7.883300059204064],[3.7601410658506307,6.0694552201042375],[0.0,0.0]]}