{"machine_Rabi":[0.0,2.432991162970742,1.1161019903210478,3.280924526614978,9.195692577294695,14.222793254157937,15.4999683481749,13.625161801123443,15.499869941729953,15.499978713508662,13.466439737738765,7.683104937321249,1.9845085660421302,0.035775486351437694,0.6889130523883771,3.67078789014736e-5,1.766563626467108e-5,0.027166488211276464,2.751570186890456,5.487739434440897,5.86797463657738,5.732882235195151,5.810577335946759,2.2484056213230446,0.0],"machine_clocks":[0.0,0.05,0.1,0.15000000000000002,0.2,0.25,0.30000000000000004,0.35000000000000003,0.4,0.45,0.5,0.55,0.6000000000000001,0.65,0.7000000000000001,0.75,0.8,0.8500000000000001,0.9,0.9500000000000001,1.0,1.05,1.1,1.1500000000000001,1.2000000000000002],"t":[0.0,0.05,0.1,0.15000000000000002,0.2,0.25,0.3,0.35,0.39999999999999997,0.44999999999999996,0.49999999999999994,0.5499999999999999,0.6,0.65,0.7000000000000001,0.7500000000000001,0.8000000000000002,0.8500000000000002,0.9000000000000002,0.9500000000000003,1.0000000000000002,1.0500000000000003,1.1000000000000003,1.1500000000000004,1.2000000000000004],"machine_Det":[0.0,-7.177681193130591,-9.221770847382542,-4.479895066620836,-0.9388556909623602,-4.699834164658022,-13.419814981191811,-14.639798004815992,-8.359822383898898,5.4200999666435905,19.79870835059282,26.677679327622897,26.05667950706992,17.935716811094533,3.7870574304876934,-9.001427412404334,-14.290004305619043,-12.079051217837277,-2.3680982683827874,8.562956583011223,13.511983171005685,11.36589088672791,5.993420475797342,2.7769288518976727,0.0],"a":[[0.0,0.0],[2.432991162970742,-7.177681193130591],[1.1161019903210478,-9.221770847382542],[3.280924526614978,-4.479895066620836],[9.195692577294695,-0.9388556909623602],[14.222793254157937,-4.699834164658022],[15.4999683481749,-13.419814981191811],[13.625161801123443,-14.639798004815992],[15.499869941729953,-8.359822383898898],[15.499978713508662,5.4200999666435905],[13.466439737738765,19.79870835059282],[7.683104937321249,26.677679327622897],[1.9845085660421302,26.05667950706992],[0.035775486351437694,17.935716811094533],[0.6889130523883771,3.7870574304876934],[3.67078789014736e-5,-9.001427412404334],[1.766563626467108e-5,-14.290004305619043],[0.027166488211276464,-12.079051217837277],[2.751570186890456,-2.3680982683827874],[5.487739434440897,8.562956583011223],[5.86797463657738,13.511983171005685],[5.732882235195151,11.36589088672791],[5.810577335946759,5.993420475797342],[2.2484056213230446,2.7769288518976727],[0.0,0.0]]}