{"machine_Rabi":[0.0,3.1936454667755347,0.6335110262863124,0.811527888277204,8.028344380328617,15.499971870318923,15.499912702655731,15.49995519814209,14.352251928024875,15.499989798980433,15.49998441720348,11.362677867937304,3.6128620726319705,0.004540647272875185,0.0032244584252484076,1.2236469260731263e-5,0.0011704554782982657,0.007734305857233239,2.5725827250434192,5.834774546765315,6.427077062400729,5.81250033895978,5.7882103065996136,3.0984223505465778,0.0],"machine_clocks":[0.0,0.05,0.1,0.15000000000000002,0.2,0.25,0.30000000000000004,0.35000000000000003,0.4,0.45,0.5,0.55,0.6000000000000001,0.65,0.7000000000000001,0.75,0.8,0.8500000000000001,0.9,0.9500000000000001,1.0,1.05,1.1,1.1500000000000001,1.2000000000000002],"t":[0.0,0.05,0.1,0.15000000000000002,0.2,0.25,0.3,0.35,0.39999999999999997,0.44999999999999996,0.49999999999999994,0.5499999999999999,0.6,0.65,0.7000000000000001,0.7500000000000001,0.8000000000000002,0.8500000000000002,0.9000000000000002,0.9500000000000003,1.0000000000000002,1.0500000000000003,1.1000000000000003,1.1500000000000004,1.2000000000000004],"machine_Det":[0.0,-7.6641687237035585,-8.83759575266197,-4.568416252607548,1.0510356765711621,-0.8458994566364112,-10.946368162676562,-16.039250965425687,-10.940066820503366,3.0747678134329113,17.67904434567892,26.4689272787208,22.707339393273934,15.804922373623278,2.1692333262950223,-8.377598854602871,-11.502494047170616,-9.417392991980611,-0.6887388557451548,10.559820523639125,14.310283373378946,11.766311218168113,5.323948478964576,-0.9026311353056216,0.0],"a":[[0.0,0.0],[3.1936454667755347,-7.6641687237035585],[0.6335110262863124,-8.83759575266197],[0.811527888277204,-4.568416252607548],[8.028344380328617,1.0510356765711621],[15.499971870318923,-0.8458994566364112],[15.499912702655731,-10.946368162676562],[15.49995519814209,-16.039250965425687],[14.352251928024875,-10.940066820503366],[15.499989798980433,3.0747678134329113],[15.49998441720348,17.67904434567892],[11.362677867937304,26.4689272787208],[3.6128620726319705,22.707339393273934],[0.004540647272875185,15.804922373623278],[0.0032244584252484076,2.1692333262950223],[1.2236469260731263e-5,-8.377598854602871],[0.0011704554782982657,-11.502494047170616],[0.007734305857233239,-9.417392991980611],[2.5725827250434192,-0.6887388557451548],[5.834774546765315,10.559820523639125],[6.427077062400729,14.310283373378946],[5.81250033895978,11.766311218168113],[5.7882103065996136,5.323948478964576],[3.0984223505465778,-0.9026311353056216],[0.0,0.0]]}