{"machine_Rabi":[0.0,3.587925845426384,4.19006230239732,5.846280211885125,8.99237454607741,9.66143867849044,8.53973580875639,8.46784730237753,8.86784298677911,6.575043456753505,2.7334012121071134,0.06089116163135603,0.08561273420621347,0.3460514595908052,0.04915441880640753,0.03613597965271454,0.3455391417026001,0.4230147806888944,1.5929740068788616,2.333952282805694,1.783301928984786,2.9724976325606143,4.759673445778881,3.832127857535254,0.0],"machine_clocks":[0.0,0.05,0.1,0.15000000000000002,0.2,0.25,0.30000000000000004,0.35000000000000003,0.4,0.45,0.5,0.55,0.6000000000000001,0.65,0.7000000000000001,0.75,0.8,0.8500000000000001,0.9,0.9500000000000001,1.0,1.05,1.1,1.1500000000000001,1.2000000000000002],"t":[0.0,0.05,0.1,0.15000000000000002,0.2,0.25,0.3,0.35,0.39999999999999997,0.44999999999999996,0.49999999999999994,0.5499999999999999,0.6,0.65,0.7000000000000001,0.7500000000000001,0.8000000000000002,0.8500000000000002,0.9000000000000002,0.9500000000000003,1.0000000000000002,1.0500000000000003,1.1000000000000003,1.1500000000000004,1.2000000000000004],"machine_Det":[0.0,-7.479266120335097,-10.366704217685244,-8.430275823796094,-10.317080091981794,-15.639569467130332,-15.904605262064893,-10.868814526998644,-0.5571406780945987,9.985100799189532,17.42087157214638,19.663942355056566,16.67983466946713,8.56408319064106,-0.3142399856481257,-4.8200087145305845,-4.664730315906947,0.4306145770732468,6.559683934932548,10.307023984718082,9.630484779978008,6.389805471209871,5.855113836825906,4.044439630334349,0.0],"a":[[0.0,0.0],[3.587925845426384,-7.479266120335097],[4.19006230239732,-10.366704217685244],[5.846280211885125,-8.430275823796094],[8.99237454607741,-10.317080091981794],[9.66143867849044,-15.639569467130332],[8.53973580875639,-15.904605262064893],[8.46784730237753,-10.868814526998644],[8.86784298677911,-0.5571406780945987],[6.575043456753505,9.985100799189532],[2.7334012121071134,17.42087157214638],[0.06089116163135603,19.663942355056566],[0.08561273420621347,16.67983466946713],[0.3460514595908052,8.56408319064106],[0.04915441880640753,-0.3142399856481257],[0.03613597965271454,-4.8200087145305845],[0.3455391417026001,-4.664730315906947],[0.4230147806888944,0.4306145770732468],[1.5929740068788616,6.559683934932548],[2.333952282805694,10.307023984718082],[1.783301928984786,9.630484779978008],[2.9724976325606143,6.389805471209871],[4.759673445778881,5.855113836825906],[3.832127857535254,4.044439630334349],[0.0,0.0]]}