{"machine_Rabi":[0.0,3.3877319834154234,4.028108112520635,3.640587546054813,6.002526931971734,7.686284581495814,6.702078925451952,5.893134121001517,7.378304052660255,6.2588455372601075,2.5021403153675004,3.930877345907832e-5,0.034506251633477196,0.032504789476999675,0.11477232915312745,0.022305585398314738,0.09911323949988192,0.00013471146893369857,0.780298656469466,1.3766315118078782,1.3516017631744912,3.649468026342732,5.176238195117953,3.9571987722161204,0.0],"machine_clocks":[0.0,0.05,0.1,0.15000000000000002,0.2,0.25,0.30000000000000004,0.35000000000000003,0.4,0.45,0.5,0.55,0.6000000000000001,0.65,0.7000000000000001,0.75,0.8,0.8500000000000001,0.9,0.9500000000000001,1.0,1.05,1.1,1.1500000000000001,1.2000000000000002],"t":[0.0,0.05,0.1,0.15000000000000002,0.2,0.25,0.3,0.35,0.39999999999999997,0.44999999999999996,0.49999999999999994,0.5499999999999999,0.6,0.65,0.7000000000000001,0.7500000000000001,0.8000000000000002,0.8500000000000002,0.9000000000000002,0.9500000000000003,1.0000000000000002,1.0500000000000003,1.1000000000000003,1.1500000000000004,1.2000000000000004],"machine_Det":[0.0,-5.457757782224019,-8.364359407548708,-7.160322573801706,-8.955490864926695,-14.65871690166478,-15.523721322589548,-11.412078496036976,-2.0359614638553345,6.697665344340723,10.251478564827824,8.577822318399123,1.7181595239141474,-2.662572640519262,-2.562589811956886,2.0497360729900174,9.63205443325898,15.57868389499557,17.865047068906858,14.997111168055467,9.132252660129732,4.026363046851367,1.668106705087416,-1.7452551143444854,0.0],"a":[[0.0,0.0],[3.3877319834154234,-5.457757782224019],[4.028108112520635,-8.364359407548708],[3.640587546054813,-7.160322573801706],[6.002526931971734,-8.955490864926695],[7.686284581495814,-14.65871690166478],[6.702078925451952,-15.523721322589548],[5.893134121001517,-11.412078496036976],[7.378304052660255,-2.0359614638553345],[6.2588455372601075,6.697665344340723],[2.5021403153675004,10.251478564827824],[3.930877345907832e-5,8.577822318399123],[0.034506251633477196,1.7181595239141474],[0.032504789476999675,-2.662572640519262],[0.11477232915312745,-2.562589811956886],[0.022305585398314738,2.0497360729900174],[0.09911323949988192,9.63205443325898],[0.00013471146893369857,15.57868389499557],[0.780298656469466,17.865047068906858],[1.3766315118078782,14.997111168055467],[1.3516017631744912,9.132252660129732],[3.649468026342732,4.026363046851367],[5.176238195117953,1.668106705087416],[3.9571987722161204,-1.7452551143444854],[0.0,0.0]]}