{"machine_Rabi":[0.0,2.993966511991131,3.010751335787913,5.513745951013728,10.070671501865954,11.863216981514805,10.148840564078803,9.111006476167846,10.647077926468265,9.157861277650472,4.524619619061136,0.7752702936273401,0.061430889822075084,0.47338355006773897,0.09740757112741043,0.23439827641753438,0.09245190348602221,0.44227824916395614,1.7914890946308488,2.7551624837364983,2.6686609923894458,3.459106589908263,5.372736237975664,4.24501749471896,0.0],"machine_clocks":[0.0,0.05,0.1,0.15000000000000002,0.2,0.25,0.30000000000000004,0.35000000000000003,0.4,0.45,0.5,0.55,0.6000000000000001,0.65,0.7000000000000001,0.75,0.8,0.8500000000000001,0.9,0.9500000000000001,1.0,1.05,1.1,1.1500000000000001,1.2000000000000002],"t":[0.0,0.05,0.1,0.15000000000000002,0.2,0.25,0.3,0.35,0.39999999999999997,0.44999999999999996,0.49999999999999994,0.5499999999999999,0.6,0.65,0.7000000000000001,0.7500000000000001,0.8000000000000002,0.8500000000000002,0.9000000000000002,0.9500000000000003,1.0000000000000002,1.0500000000000003,1.1000000000000003,1.1500000000000004,1.2000000000000004],"machine_Det":[0.0,-6.858577954746697,-9.296188362656032,-7.106544240869782,-9.5619206619586,-16.302822798497647,-17.45426997673905,-12.423809334272972,-1.0822143771381574,11.030901239791008,20.09588275852968,22.908273201707253,19.67179135362965,10.74597765169863,-0.18829987701068346,-6.680371099870911,-8.251990969095262,-4.528298643168873,1.8598762674236526,7.586565624137702,10.082330441574268,8.923056811717233,8.653929122617452,6.639128019446287,0.0],"a":[[0.0,0.0],[2.993966511991131,-6.858577954746697],[3.010751335787913,-9.296188362656032],[5.513745951013728,-7.106544240869782],[10.070671501865954,-9.5619206619586],[11.863216981514805,-16.302822798497647],[10.148840564078803,-17.45426997673905],[9.111006476167846,-12.423809334272972],[10.647077926468265,-1.0822143771381574],[9.157861277650472,11.030901239791008],[4.524619619061136,20.09588275852968],[0.7752702936273401,22.908273201707253],[0.061430889822075084,19.67179135362965],[0.47338355006773897,10.74597765169863],[0.09740757112741043,-0.18829987701068346],[0.23439827641753438,-6.680371099870911],[0.09245190348602221,-8.251990969095262],[0.44227824916395614,-4.528298643168873],[1.7914890946308488,1.8598762674236526],[2.7551624837364983,7.586565624137702],[2.6686609923894458,10.082330441574268],[3.459106589908263,8.923056811717233],[5.372736237975664,8.653929122617452],[4.24501749471896,6.639128019446287],[0.0,0.0]]}