{"machine_Rabi":[0.0,2.4447952787593463,1.1396588062469608,2.696913096891288,8.004035118496917,13.626975801885049,15.499963216262344,13.625026005694941,15.499825894376198,15.499980520798724,11.814695536426399,4.379698240808968,0.6896426123891202,0.7458004790143331,0.7829441287698872,0.0001644482429218924,3.618241783886378e-5,4.073718799838834e-5,2.5416316611999967,5.496618003940501,6.116965484475532,5.77887486308552,5.362793679606414,1.7025496649732095,0.0],"machine_clocks":[0.0,0.05,0.1,0.15000000000000002,0.2,0.25,0.30000000000000004,0.35000000000000003,0.4,0.45,0.5,0.55,0.6000000000000001,0.65,0.7000000000000001,0.75,0.8,0.8500000000000001,0.9,0.9500000000000001,1.0,1.05,1.1,1.1500000000000001,1.2000000000000002],"t":[0.0,0.05,0.1,0.15000000000000002,0.2,0.25,0.3,0.35,0.39999999999999997,0.44999999999999996,0.49999999999999994,0.5499999999999999,0.6,0.65,0.7000000000000001,0.7500000000000001,0.8000000000000002,0.8500000000000002,0.9000000000000002,0.9500000000000003,1.0000000000000002,1.0500000000000003,1.1000000000000003,1.1500000000000004,1.2000000000000004],"machine_Det":[0.0,-6.690498226411155,-7.899513684603711,-3.2654571186403447,-1.7279971806264935,-7.687991726463509,-15.20695542595012,-15.22605959453888,-7.745226650079404,7.2355134630362805,21.48825164619493,28.24125223481499,27.494606106998386,19.248498743883392,4.248500365939335,-9.146542292667137,-15.041599855239307,-13.43790643645208,-4.334213159150348,6.401163370767014,12.702999698024259,11.505499308918942,6.228629380048189,2.9736653000611244,0.0],"a":[[0.0,0.0],[2.4447952787593463,-6.690498226411155],[1.1396588062469608,-7.899513684603711],[2.696913096891288,-3.2654571186403447],[8.004035118496917,-1.7279971806264935],[13.626975801885049,-7.687991726463509],[15.499963216262344,-15.20695542595012],[13.625026005694941,-15.22605959453888],[15.499825894376198,-7.745226650079404],[15.499980520798724,7.2355134630362805],[11.814695536426399,21.48825164619493],[4.379698240808968,28.24125223481499],[0.6896426123891202,27.494606106998386],[0.7458004790143331,19.248498743883392],[0.7829441287698872,4.248500365939335],[0.0001644482429218924,-9.146542292667137],[3.618241783886378e-5,-15.041599855239307],[4.073718799838834e-5,-13.43790643645208],[2.5416316611999967,-4.334213159150348],[5.496618003940501,6.401163370767014],[6.116965484475532,12.702999698024259],[5.77887486308552,11.505499308918942],[5.362793679606414,6.228629380048189],[1.7025496649732095,2.9736653000611244],[0.0,0.0]]}