{"machine_Rabi":[0.0,3.5684994882082846,0.004492717814356579,0.000426334794808231,7.692726318942598,15.499987953266643,15.4991073458061,15.499686721705501,15.496413331431883,15.499813316567634,15.499661997710096,15.499471944125904,9.562811566513014,1.8813930100175473,0.07920008434991127,0.05055182892397937,0.0005115592297720117,0.0001945983602147129,3.1944722961223175,5.080623027156273,2.6914614624028563,4.0047292761649045,8.164191246090224,6.470380399731903,0.010433734488443291,0.0],"machine_clocks":[0.0,0.05,0.1,0.15,0.2,0.25,0.3,0.35,0.4,0.45,0.5,0.55,0.6,0.65,0.7,0.75,0.8,0.85,0.9,0.95,1.0,1.05,1.1,1.15,1.2,1.25],"t":[0.0,0.05,0.1,0.15000000000000002,0.2,0.25,0.3,0.35,0.39999999999999997,0.44999999999999996,0.49999999999999994,0.5499999999999999,0.6,0.65,0.7000000000000001,0.7500000000000001,0.8000000000000002,0.8500000000000002,0.9000000000000002,0.9500000000000003,1.0000000000000002,1.0500000000000003,1.1000000000000003,1.1500000000000004,1.2000000000000004,1.2500000000000004],"machine_Det":[0.0,-8.001761786168906,-10.320357138612978,-5.766080993781581,1.8317087844219013,2.6203574474995963,-4.561872622831186,-13.24001564480737,-12.519811541703213,-3.1901758398987616,11.272259769664368,22.147190898764613,25.823410093538502,21.440000340476622,9.82625566693074,-4.779452109852593,-13.100289751728864,-13.180532785886422,-6.281469140221297,5.973864773831019,14.388132926890629,15.080097222996187,9.259601806091888,3.614006540764756,1.4276056292181312,0.0],"a":[[0.0,0.0],[3.5684994882082846,-8.001761786168906],[0.004492717814356579,-10.320357138612978],[0.000426334794808231,-5.766080993781581],[7.692726318942598,1.8317087844219013],[15.499987953266643,2.6203574474995963],[15.4991073458061,-4.561872622831186],[15.499686721705501,-13.24001564480737],[15.496413331431883,-12.519811541703213],[15.499813316567634,-3.1901758398987616],[15.499661997710096,11.272259769664368],[15.499471944125904,22.147190898764613],[9.562811566513014,25.823410093538502],[1.8813930100175473,21.440000340476622],[0.07920008434991127,9.82625566693074],[0.05055182892397937,-4.779452109852593],[0.0005115592297720117,-13.100289751728864],[0.0001945983602147129,-13.180532785886422],[3.1944722961223175,-6.281469140221297],[5.080623027156273,5.973864773831019],[2.6914614624028563,14.388132926890629],[4.0047292761649045,15.080097222996187],[8.164191246090224,9.259601806091888],[6.470380399731903,3.614006540764756],[0.010433734488443291,1.4276056292181312],[0.0,0.0]]}