{"T_vec":[0.2,0.4,0.6,0.8,1.0,1.2,1.5,2.0,2.5,3.0,3.6],"Set 3":[[0.9887640449438202,0.9887640449438202,0.9775280898876404],[0.9541284403669725,0.9541284403669725,0.9490316004077471],[0.9,0.8979591836734694,0.8989795918367347],[0.7684529828109201,0.7866531850353893,0.7603640040444893],[0.7308868501529052,0.7013251783893986,0.7135575942915392],[0.8945233265720081,0.8874239350912779,0.8661257606490872],[0.8551020408163266,0.8785714285714286,0.8561224489795919],[0.4933196300102775,0.6300102774922919,0.5405960945529291],[0.7527975584944049,0.7548321464903357,0.7232960325534079],[0.7055837563451777,0.5218274111675127,0.6791878172588832],[0.8159509202453987,0.6411042944785276,0.7985685071574642]],"Set 1":[[0.9848024316109423,0.9868287740628167,0.9787234042553191],[0.943089430894309,0.9563008130081301,0.9664634146341463],[0.9107692307692308,0.9066666666666666,0.9097435897435897],[0.7520408163265306,0.826530612244898,0.7602040816326531],[0.7052845528455285,0.7469512195121951,0.7215447154471545],[0.8870803662258393,0.8982706002034588,0.8830111902339777],[0.8801229508196722,0.8985655737704918,0.8422131147540983],[0.528747433264887,0.6673511293634496,0.5174537987679672],[0.7571138211382114,0.7286585365853658,0.7134146341463414],[0.6918367346938775,0.5193877551020408,0.7255102040816327],[0.8180883864337102,0.5837615621788284,0.7965056526207606]],"Set 4":[[0.9857723577235772,0.9847560975609756,0.975609756097561],[0.9534883720930233,0.9453993933265925,0.9453993933265925],[0.8922764227642277,0.8882113821138211,0.9024390243902439],[0.7750759878419453,0.7811550151975684,0.7619047619047619],[0.7055214723926381,0.7505112474437627,0.712678936605317],[0.8453713123092573,0.8636826042726348,0.8850457782299085],[0.8445121951219512,0.8709349593495935,0.8353658536585366],[0.5349075975359343,0.6632443531827515,0.5010266940451745],[0.7505091649694501,0.7413441955193483,0.7281059063136456],[0.7076142131979696,0.5218274111675127,0.6456852791878173],[0.7995867768595041,0.6208677685950413,0.7768595041322314]],"Set 5":[[0.987667009249743,0.987667009249743,0.9845837615621789],[0.952626158599382,0.9536560247167868,0.945417095777549],[0.8968335035750766,0.9009193054136875,0.9039836567926456],[0.7489754098360656,0.8155737704918032,0.7725409836065574],[0.7148717948717949,0.7466666666666667,0.7312820512820513],[0.8944672131147541,0.8586065573770492,0.8616803278688525],[0.8501026694045175,0.86652977412731,0.8336755646817249],[0.45625,0.6041666666666666,0.48020833333333335],[0.7586558044806517,0.7688391038696538,0.7179226069246436],[0.7195496417604913,0.5578300921187308,0.7001023541453428],[0.753099173553719,0.6136363636363636,0.7706611570247934]],"Set 2":[[0.9887869520897044,0.981651376146789,0.9887869520897044],[0.9672466734902764,0.9590583418628454,0.9590583418628454],[0.9061224489795918,0.9112244897959184,0.926530612244898],[0.7627291242362525,0.7871690427698574,0.7942973523421588],[0.7045685279187818,0.7380710659898477,0.6903553299492385],[0.8857142857142857,0.9030612244897959,0.8653061224489796],[0.8324873096446701,0.8903553299492386,0.8436548223350254],[0.5842696629213483,0.6506639427987743,0.5934627170582226],[0.6956967213114754,0.7100409836065574,0.7110655737704918],[0.7147239263803681,0.5051124744376279,0.679959100204499],[0.8161993769470405,0.5960539979231568,0.8037383177570093]],"Set 6":[[0.9888551165146909,0.9817629179331308,0.9898682877406282],[0.9346938775510204,0.9387755102040817,0.9530612244897959],[0.8824130879345603,0.8957055214723927,0.9038854805725971],[0.7601626016260162,0.8008130081300813,0.75],[0.6992864424057085,0.7563710499490316,0.7104994903160041],[0.8502564102564103,0.884102564102564,0.8964102564102564],[0.8360824742268042,0.8845360824742268,0.8701030927835052],[0.5051440329218106,0.654320987654321,0.5133744855967078],[0.7052200614124872,0.7778915046059366,0.7052200614124872],[0.6895854398382204,0.5551061678463094,0.6966632962588474],[0.7489711934156379,0.6111111111111112,0.7870370370370371]]}