{"machine_Rabi":[0.0,0.621214122844358,0.4633728723743106,3.6247092200469894e-6,0.034548927077618204,1.1569597393201856,2.8852088122452355,4.445231212047529,4.018997979337531,1.7455521649676482,0.12233270490399512,0.27671924239183204,1.626055289762117,2.937607443314981,3.7983953634143255,3.1273598224493053,2.993204350745139,2.591509499685255,2.0929521233328385,1.5673353049310743,3.584582941236028,4.3924065791105225,4.776015565211088,2.3034782172267545,8.31641365362304e-6,0.3007707773256563,3.044765408259671,6.496828677908129,9.172111564099046,9.672122279565194,0.0],"machine_clocks":[0.0,0.05,0.1,0.15,0.2,0.25,0.3,0.35,0.4,0.45,0.5,0.55,0.6,0.65,0.7,0.75,0.8,0.85,0.9,0.95,1.0,1.05,1.1,1.15,1.2,1.25,1.3,1.35,1.4,1.45,1.5],"t":[0.0,0.05,0.1,0.15000000000000002,0.2,0.25,0.3,0.35,0.39999999999999997,0.44999999999999996,0.49999999999999994,0.5499999999999999,0.6,0.65,0.7000000000000001,0.7500000000000001,0.8000000000000002,0.8500000000000002,0.9000000000000002,0.9500000000000003,1.0000000000000002,1.0500000000000003,1.1000000000000003,1.1500000000000004,1.2000000000000004,1.2500000000000004,1.3000000000000005,1.3500000000000005,1.4000000000000006,1.4500000000000006,1.5000000000000007,1.5500000000000007,1.6000000000000008,1.6500000000000008,1.7000000000000008,1.7500000000000009,1.800000000000001,1.850000000000001,1.900000000000001,1.950000000000001,2.000000000000001,2.0500000000000007,2.1000000000000005,2.1500000000000004,2.2,2.25,2.3,2.3499999999999996,2.3999999999999995,2.4499999999999993,2.499999999999999,2.549999999999999,2.5999999999999988,2.6499999999999986,2.6999999999999984,2.7499999999999982,2.799999999999998,2.849999999999998,2.8999999999999977,2.9499999999999975,2.9999999999999973,3.049999999999997,3.099999999999997,3.149999999999997,3.1999999999999966,3.2499999999999964,3.2999999999999963,3.349999999999996,3.399999999999996,3.4499999999999957,3.4999999999999956,3.5499999999999954,3.599999999999995],"machine_Det":[0.0,2.011004283004167,3.7172188210479713,5.424488107040778,6.965461663779131,7.187190458748898,7.849389356319073,7.585567292256361,5.511095078074352,3.064066803721367,0.7330320703874678,-1.712256452166371,-3.158914042446014,-4.595260362333113,-5.608907844268341,-7.658135720559417,-7.274276478555868,-8.94182227665432,-9.215926740087353,-8.46474163876202,-8.095000128002662,-6.746371623915961,-5.731796297444485,-5.16149108273413,-3.1182283972653093,0.29336745694739663,5.20791881430172,9.968091255713025,14.398369750430563,12.555726001958229,0.0],"a":[[0.0,0.0],[0.621214122844358,2.011004283004167],[0.4633728723743106,3.7172188210479713],[3.6247092200469894e-6,5.424488107040778],[0.034548927077618204,6.965461663779131],[1.1569597393201856,7.187190458748898],[2.8852088122452355,7.849389356319073],[4.445231212047529,7.585567292256361],[4.018997979337531,5.511095078074352],[1.7455521649676482,3.064066803721367],[0.12233270490399512,0.7330320703874678],[0.27671924239183204,-1.712256452166371],[1.626055289762117,-3.158914042446014],[2.937607443314981,-4.595260362333113],[3.7983953634143255,-5.608907844268341],[3.1273598224493053,-7.658135720559417],[2.993204350745139,-7.274276478555868],[2.591509499685255,-8.94182227665432],[2.0929521233328385,-9.215926740087353],[1.5673353049310743,-8.46474163876202],[3.584582941236028,-8.095000128002662],[4.3924065791105225,-6.746371623915961],[4.776015565211088,-5.731796297444485],[2.3034782172267545,-5.16149108273413],[8.31641365362304e-6,-3.1182283972653093],[0.3007707773256563,0.29336745694739663],[3.044765408259671,5.20791881430172],[6.496828677908129,9.968091255713025],[9.172111564099046,14.398369750430563],[9.672122279565194,12.555726001958229],[7.430270755352086,10.936780414401131],[3.8273117251976174,6.2222315599797025],[0.41494114951398164,0.9784233476139927],[1.7678641543855154e-6,-3.2649890734691134],[1.4008964343443528,-5.31017594209889],[2.5794912680809077,-6.624653624747831],[2.4025761042313496,-6.9640158315657255],[1.5585334063721648,-5.75784557672361],[2.717608805780319,-4.813783268921864],[5.923837478967241,-2.4280031806726656],[9.20409085712123,-1.0959877549237615],[8.611269919400819,-0.6623086261600201],[8.22393556971398,0.41835436186974595],[9.857269668401106,1.1252580489738147],[8.901257734780051,1.9413918953073046],[9.494438627134972,1.4012264317862702],[7.478978298474856,-0.9947110948987798],[4.15900029217589,-4.7965103332237],[2.0891898730250476,-7.853407965546342],[1.8326466822663607,-10.245791374865485],[2.3541491860690242,-8.157527125020348],[0.9279626580579801,-6.977272508156901],[3.816856269066131e-6,-3.5845625616542334],[0.15398455632323593,1.2568905579074727],[2.6162561838037597,7.328221984892602],[5.782471770352695,13.40399583398943],[8.901974009689505,14.505661123734125],[9.240689102236193,14.668394844998438],[5.875750719995075,12.146012207992412],[2.3251059688394515,7.89981476638088],[0.010894170200695498,2.9100396212250446],[3.00120299090858e-6,0.1837422483426551],[0.015300028232482417,-1.4827477016928265],[0.44163914657343406,-0.14579792921610257],[2.743820992547063,2.7868871028831617],[5.164559767896917,6.58546653339742],[5.767969418747093,9.24672174158623],[3.962458628372885,9.363852523491826],[2.723976750253899,10.2322638981193],[0.8627696827110722,10.257563836738651],[0.6354844870662154,6.711810519931328],[0.6216036449771539,4.6488607464315095],[0.0,0.0]]}