{"Set 1 Error":[[0.0058832364114129905,0.007440128598067864,0.007242466466347127,0.00927013826074377,0.006452728206676162,0.0088226907609172,0.007631339353512407,0.004723478108127125],[0.005465367290918619,0.00819394858374514,0.00882833386026181,0.009539129808048247,0.008081484798208086,0.010095136104545412,0.008571948230302846,0.00653171768249553],[0.007023554402299535,0.011702721726654918,0.010346219985608956,0.010919640292052765,0.009668470949468232,0.010658839014463859,0.010543493132038208,0.006739239846198467],[0.008803914815594744,0.012873088381531905,0.012150269173290802,0.01261764628468995,0.011605035965712097,0.011731024057630747,0.012721479769625002,0.008274005340654698],[0.009595234624632935,0.014632393792327206,0.01396082236819428,0.01411098060501366,0.013424618541342888,0.013783758987154495,0.013979959243451048,0.009550083614498047],[0.010176368413020895,0.015386928481774878,0.013589212794004709,0.015208307591701995,0.01421727543853147,0.01419988351632484,0.015185787252645237,0.00830436287900547],[0.009069192184390056,0.015501669632406312,0.014231263542492321,0.015081550956431766,0.014845762235783298,0.014197357148625966,0.015440962201587742,0.009393947619422367],[0.010902535826083628,0.01581151036365986,0.01480045949179231,0.015567907191181668,0.0152499805433829,0.014841137792994145,0.015483475854811949,0.01042240547014169]],"Set 1":[[0.965625,0.94375,0.946875,0.909375,0.9583333333333334,0.91875,0.940625,0.978125],[0.9701338825952626,0.9299691040164778,0.917610710607621,0.90216271884655,0.9320288362512873,0.8887744593202883,0.9227600411946447,0.956745623069001],[0.9501039501039501,0.8440748440748441,0.8835758835758836,0.867983367983368,0.9002079002079002,0.8752598752598753,0.8783783783783784,0.9542619542619543],[0.9183884297520661,0.7995867768595041,0.8274793388429752,0.8099173553719008,0.8460743801652892,0.8419421487603306,0.8057851239669421,0.9287190082644629],[0.9015544041450777,0.7088082901554404,0.7492227979274612,0.7409326424870466,0.7761658031088083,0.7585492227979275,0.7481865284974093,0.9025906735751296],[0.8867147270854789,0.6426364572605562,0.7662203913491246,0.6601441812564367,0.7322348094747683,0.733264675592173,0.6622039134912462,0.9279093717816684],[0.9119754350051177,0.6243602865916069,0.7287615148413511,0.6673490276356192,0.6867963152507677,0.7308085977482088,0.631525076765609,0.9048106448311156],[0.86652977412731,0.582135523613963,0.6919917864476386,0.6190965092402464,0.6540041067761807,0.688911704312115,0.6293634496919918,0.8798767967145791]],"Set 2":[[0.9773429454170958,0.9588053553038105,0.9557157569515963,0.9598352214212152,0.9588053553038105,0.945417095777549,0.9309989701338826,0.9546858908341915],[0.966804979253112,0.91701244813278,0.9398340248962656,0.9325726141078838,0.9377593360995851,0.9056016597510373,0.9056016597510373,0.9356846473029046],[0.9363256784968684,0.8778705636743215,0.8956158663883089,0.9279749478079332,0.9091858037578288,0.8914405010438413,0.8799582463465553,0.9081419624217119],[0.9242738589211619,0.808091286307054,0.8443983402489627,0.8475103734439834,0.8578838174273858,0.8495850622406639,0.8443983402489627,0.9076763485477178],[0.8910788381742739,0.725103734439834,0.7811203319502075,0.7956431535269709,0.7935684647302904,0.8101659751037344,0.7261410788381742,0.8962655601659751],[0.8863636363636364,0.6880165289256198,0.753099173553719,0.7520661157024794,0.7396694214876033,0.7252066115702479,0.6942148760330579,0.8822314049586777],[0.8804573804573804,0.6330561330561331,0.7536382536382537,0.739085239085239,0.7006237006237006,0.7588357588357588,0.659043659043659,0.896049896049896],[0.8983572895277208,0.6190965092402464,0.6806981519507187,0.6919917864476386,0.6262833675564682,0.7053388090349076,0.6201232032854209,0.8593429158110883]],"Set 2 Error":[[0.004777925234548957,0.006381161541854385,0.0066054607888492035,0.006304275193220683,0.006381161541854385,0.007293805505471277,0.008137978151567771,0.0066782259416826055],[0.005772883162222721,0.00888957398009406,0.007662807544477967,0.008080650935853811,0.00778519801005163,0.009421881560295947,0.009421881560295947,0.007905128539229981],[0.007892955623110272,0.010584478152076136,0.009883759425344455,0.008357068229509807,0.00928853508448648,0.010055973657958607,0.010506092725688428,0.009336400741126473],[0.008525308522029587,0.012690081625144074,0.011680667310565076,0.011584559331287828,0.011251822200348116,0.011519556907176834,0.011680667310565076,0.009328436345215024],[0.010039245023196919,0.01438703656500475,0.013324426891530907,0.012993932835055741,0.01304268718513337,0.012637491728335504,0.014370133605357754,0.009825772256811515],[0.010205901961403436,0.014898824063684432,0.013866731942072101,0.013886177622754833,0.014111337766904394,0.01435558119991778,0.014816372827087447,0.010365559923951894],[0.010465352461285106,0.015547452302783725,0.013899731478078325,0.014165597421704168,0.01477370511757963,0.013799668591079967,0.01529131324264558,0.00984502599148494],[0.009687378013958765,0.015567907191181668,0.014945883121557013,0.01480045949179231,0.015509586965827394,0.014615172307106713,0.015559797990233187,0.011145707346196366]],"theta_vec":[0.1,0.2,0.3,0.4,0.5,0.6,0.7,0.8]}