{"Set 1":[[0.965625,0.94375,0.946875,0.909375,0.9583333333333334,0.91875,0.940625,0.978125],[0.9701338825952626,0.9299691040164778,0.917610710607621,0.90216271884655,0.9320288362512873,0.8887744593202883,0.9227600411946447,0.956745623069001],[0.9501039501039501,0.8440748440748441,0.8835758835758836,0.867983367983368,0.9002079002079002,0.8752598752598753,0.8783783783783784,0.9542619542619543],[0.9183884297520661,0.7995867768595041,0.8274793388429752,0.8099173553719008,0.8460743801652892,0.8419421487603306,0.8057851239669421,0.9287190082644629],[0.9015544041450777,0.7088082901554404,0.7492227979274612,0.7409326424870466,0.7761658031088083,0.7585492227979275,0.7481865284974093,0.9025906735751296],[0.8867147270854789,0.6426364572605562,0.7662203913491246,0.6601441812564367,0.7322348094747683,0.733264675592173,0.6622039134912462,0.9279093717816684],[0.9119754350051177,0.6243602865916069,0.7287615148413511,0.6673490276356192,0.6867963152507677,0.7308085977482088,0.631525076765609,0.9048106448311156],[0.86652977412731,0.582135523613963,0.6919917864476386,0.6190965092402464,0.6540041067761807,0.688911704312115,0.6293634496919918,0.8798767967145791]],"Set 2":[[0.9773429454170958,0.9588053553038105,0.9557157569515963,0.9598352214212152,0.9588053553038105,0.945417095777549,0.9309989701338826,0.9546858908341915],[0.966804979253112,0.91701244813278,0.9398340248962656,0.9325726141078838,0.9377593360995851,0.9056016597510373,0.9056016597510373,0.9356846473029046],[0.9363256784968684,0.8778705636743215,0.8956158663883089,0.9279749478079332,0.9091858037578288,0.8914405010438413,0.8799582463465553,0.9081419624217119],[0.9242738589211619,0.808091286307054,0.8443983402489627,0.8475103734439834,0.8578838174273858,0.8495850622406639,0.8443983402489627,0.9076763485477178],[0.8910788381742739,0.725103734439834,0.7811203319502075,0.7956431535269709,0.7935684647302904,0.8101659751037344,0.7261410788381742,0.8962655601659751],[0.8863636363636364,0.6880165289256198,0.753099173553719,0.7520661157024794,0.7396694214876033,0.7252066115702479,0.6942148760330579,0.8822314049586777],[0.8804573804573804,0.6330561330561331,0.7536382536382537,0.739085239085239,0.7006237006237006,0.7588357588357588,0.659043659043659,0.896049896049896],[0.8983572895277208,0.6190965092402464,0.6806981519507187,0.6919917864476386,0.6262833675564682,0.7053388090349076,0.6201232032854209,0.8593429158110883]],"theta_vec":[0.1,0.2,0.3,0.4,0.5,0.6,0.7,0.8]}