{"Init Ω":[0.0,12.0,0.0],"Init Data":[0.9127740484768764,0.9128885543508929,0.9128887836239051,0.9128888066995071,0.9128888066995071,0.9128887836239051,0.9128885543508929,0.9127740484768765],"Init Δ":[0.0,0.0,0.0],"Exact Data":[0.9127740484768764,0.729823817784941,0.7297738394547436,0.7297730972915295,0.7297730972915296,0.7297738394547435,0.7298238177849412,0.9127740484768765],"Init ϕ":[0.0,0.0],"Machine Data":[0.8615338863192484,0.7398107088155075,0.7748892376971812,0.7745053701662494,0.7745053701662494,0.7748892376971817,0.7398107088155075,0.861533886319249]}