{"Init Ω":[0.0,12.0,0.0],"Init Data":[0.9127740484768764,0.9128885543508929,0.9128887836239051,0.9128888066995071,0.9128888066995071,0.9128887836239051,0.9128885543508929,0.9127740484768765],"Init Δ":[0.0,0.0,0.0],"Exact Data":[0.9127740484768764,0.3765443560664359,0.3764568394435841,0.3764555148567922,0.3764555148567923,0.376456839443584,0.3765443560664359,0.9127740484768764],"Init ϕ":[0.0,0.0],"Machine Data":[0.8825189815818681,0.4453577592133341,0.5340755333470745,0.5026338022027835,0.5026338022027856,0.5340755333470752,0.44535775921333487,0.8825189815818689]}