{"Init Ω":[0.0,12.0,0.0],"Init Data":[0.9127740484768764,0.9128885543508929,0.9128887836239051,0.9128888066995071,0.9128888066995071,0.9128887836239051,0.9128885543508929,0.9127740484768765],"Init Δ":[0.0,0.0,0.0],"Exact Data":[0.9127740484768765,0.2915354894757346,0.2914466723063931,0.29144532408297164,0.29144532408297197,0.2914466723063931,0.29153548947573493,0.9127740484768764],"Init ϕ":[0.0,0.0],"Machine Data":[0.8762381235585248,0.3719750964010279,0.4695627613441674,0.428976635584699,0.4289766355847,0.46956276134416797,0.37197509640102866,0.8762381235585253]}