{"Init Ω":[],"Init Data":[1.0,1.0,1.0,1.0,1.0,1.0,1.0,1.0],"Init Δ":[],"Exact Data":[1.0,0.48540023884935557,0.4854002388493557,0.48540023884935557,0.4854002388493557,0.4854002388493557,0.4854002388493557,1.0],"Init ϕ":[],"Machine Data":[0.9505655453256099,0.5400844677666988,0.6676588104266614,0.5838697336474958,0.5838697336474967,0.6676588104266616,0.5400844677666989,0.9505655453256096]}