{"Init Ω":[0.0,12.0,0.0],"Init Data":[0.9127740484768764,0.9128885543508929,0.9128887836239051,0.9128888066995071,0.9128888066995071,0.9128887836239051,0.9128885543508929,0.9127740484768765],"Init Δ":[0.0,0.0,0.0],"Exact Data":[0.9127740484768765,0.646707388549608,0.6466438123739084,0.6466428613655417,0.6466428613655419,0.6466438123739082,0.646707388549608,0.9127740484768763],"Init ϕ":[0.0,0.0],"Machine Data":[0.8712791924211176,0.651232113840013,0.7063594636415897,0.7042753751882072,0.7042753751882078,0.7063594636415909,0.651232113840013,0.8712791924211177]}