{"Init Ω":[],"Init Data":[1.0,1.0,1.0,1.0,1.0,1.0,1.0,1.0],"Init Δ":[],"Exact Data":[1.0,0.7701511529340698,0.7701511529340699,0.7701511529340699,0.7701511529340699,0.7701511529340699,0.7701511529340699,1.0],"Init ϕ":[],"Machine Data":[0.9825932554896198,0.7809903365761246,0.8323362714171005,0.8188920507261007,0.8188920507261015,0.8323362714171014,0.7809903365761246,0.98259325548962]}