{"Init Ω":[],"Init Data":[1.0,1.0,1.0,1.0,1.0,1.0,1.0,1.0],"Init Δ":[],"Exact Data":[1.0,0.8483533546735826,0.8483533546735825,0.8483533546735826,0.8483533546735826,0.8483533546735826,0.8483533546735826,1.0],"Init ϕ":[],"Machine Data":[0.9828409741298075,0.848596309809716,0.8794798369927894,0.8739552179485665,0.873955217948567,0.8794798369927902,0.8485963098097162,0.9828409741298075]}