{"Init Ω":[],"Init Data":[1.0,1.0,1.0,1.0,1.0,1.0,1.0,1.0],"Init Δ":[],"Exact Data":[1.0,0.9126678074548391,0.9126678074548392,0.9126678074548391,0.9126678074548392,0.9126678074548391,0.9126678074548391,1.0],"Init ϕ":[],"Machine Data":[0.9827566857554084,0.9167912827972424,0.9272510465081066,0.9257906697574145,0.9257906697574148,0.9272510465081069,0.9167912827972425,0.9827566857554085]}