{"Init Ω":[0.0,12.0,0.0],"Init Data":[0.9127740484768764,0.9128885543508929,0.9128887836239051,0.9128888066995071,0.9128888066995071,0.9128887836239051,0.9128885543508929,0.9127740484768765],"Init Δ":[0.0,0.0,0.0],"Exact Data":[0.9127740484768765,0.803777896656184,0.8037435086497979,0.803743004919442,0.8037430049194418,0.8037435086497979,0.8037778966561842,0.9127740484768764],"Init ϕ":[0.0,0.0],"Machine Data":[0.8799822613424322,0.7957724969133031,0.8197092603327054,0.8189297646745087,0.8189297646745092,0.8197092603327057,0.795772496913303,0.8799822613424323]}