{"Init Ω":[],"Init Data":[1.0,1.0,1.0,1.0,1.0,1.0,1.0,1.0],"Init Δ":[],"Exact Data":[1.0,0.6811788772383369,0.6811788772383369,0.6811788772383367,0.6811788772383369,0.6811788772383368,0.6811788772383367,1.0],"Init ϕ":[],"Machine Data":[0.9754655105268174,0.6936923960886412,0.7733858001544351,0.741865830460045,0.741865830460046,0.773385800154436,0.6936923960886419,0.9754655105268175]}