{"Init Ω":[],"Init Data":[1.0,1.0,1.0,1.0,1.0,1.0,1.0,1.0],"Init Δ":[],"Exact Data":[1.0,0.9605304970014426,0.9605304970014426,0.9605304970014426,0.9605304970014426,0.9605304970014426,0.9605304970014426,1.0],"Init ϕ":[],"Machine Data":[0.9905517223019223,0.9561333732285883,0.9601557187864382,0.959587345329073,0.9595873453290732,0.9601557187864384,0.9561333732285883,0.9905517223019225]}