{"Init Ω":[],"Init Data":[1.0,1.0,1.0,1.0,1.0,1.0,1.0,1.0],"Init Δ":[],"Exact Data":[1.0,0.9900332889206208,0.9900332889206208,0.9900332889206208,0.9900332889206208,0.9900332889206208,0.9900332889206208,1.0],"Init ϕ":[],"Machine Data":[0.9971439299922449,0.9861121194450622,0.9865757760921798,0.9866001181447415,0.9866001181447416,0.9865757760921798,0.9861121194450622,0.9971439299922449]}