{"Init Ω":[0.0,12.0,0.0],"Init Data":[0.9127740484768764,0.9128885543508929,0.9128887836239051,0.9128888066995071,0.9128888066995071,0.9128887836239051,0.9128885543508929,0.9127740484768765],"Init Δ":[0.0,0.0,0.0],"Exact Data":[0.9127740484768765,0.8656213094143322,0.8656038826730548,0.8656036374576964,0.8656036374576964,0.8656038826730548,0.8656213094143324,0.9127740484768764],"Init ϕ":[0.0,0.0],"Machine Data":[0.9039091546391638,0.8555595056492754,0.8695528667037455,0.8680088247276374,0.8680088247276376,0.8695528667037455,0.8555595056492753,0.9039091546391634]}