{"Init Ω":[0.0,12.0,0.0],"Init Data":[0.9127740484768764,0.9128885543508929,0.9128887836239051,0.9128888066995071,0.9128888066995071,0.9128887836239051,0.9128885543508929,0.9127740484768765],"Init Δ":[0.0,0.0,0.0],"Exact Data":[0.9127740484768765,0.5577421986947388,0.557667559255036,0.5576664373152193,0.5576664373152193,0.557667559255036,0.557742198694739,0.9127740484768764],"Init ϕ":[0.0,0.0],"Machine Data":[0.8822835606537002,0.5749625007876313,0.6392689039239028,0.6291810458594398,0.6291810458594403,0.6392689039239042,0.5749625007876318,0.8822835606537006]}