{"Init Ω":[],"Init Data":[1.0,1.0,1.0,1.0,1.0,1.0,1.0,1.0],"Init Δ":[],"Exact Data":[1.0,0.5849835714501204,0.5849835714501206,0.5849835714501204,0.5849835714501204,0.5849835714501205,0.5849835714501204,1.0],"Init ϕ":[],"Machine Data":[0.9645098690568878,0.6276497050934118,0.7310812692339305,0.6786793200092134,0.6786793200092144,0.7310812692339315,0.6276497050934118,0.9645098690568881]}