{"Init Ω":[0.0,12.0,0.0],"Init Data":[0.9127740484768764,0.9128885543508929,0.9128887836239051,0.9128888066995071,0.9128888066995071,0.9128887836239051,0.9128885543508929,0.9127740484768765],"Init Δ":[0.0,0.0,0.0],"Exact Data":[0.9127740484768765,0.4664750095939556,0.46639228252917175,0.46639103438610474,0.46639103438610485,0.46639228252917175,0.4664750095939555,0.9127740484768764],"Init ϕ":[0.0,0.0],"Machine Data":[0.8816796887852703,0.49221570043242435,0.5688341591463569,0.5488845608937523,0.5488845608937538,0.5688341591463582,0.49221570043242446,0.8816796887852706]}