{"Set 1":[0.8746113989637305,0.78860103626943,0.8124352331606217,0.78860103626943,0.8414507772020725,0.8,0.7989637305699482,0.8808290155440415],"Set 2":[0.8964435146443515,0.8190376569037657,0.8410041841004184,0.8399581589958159,0.856694560669456,0.8315899581589958,0.797071129707113,0.8598326359832636],"Set 2 Corr":[[0.0,0.4895397489539749,0.5083682008368201,0.5355648535564853,0.5899581589958159,0.5188284518828452,0.46234309623430964,0.5753138075313807],[0.4895397489539749,0.0,0.38284518828451886,0.401673640167364,0.4686192468619247,0.4393305439330544,0.3912133891213389,0.4497907949790795],[0.5083682008368201,0.38284518828451886,0.0,0.4330543933054393,0.4372384937238494,0.47489539748953974,0.3682008368200837,0.5271966527196653],[0.5355648535564853,0.401673640167364,0.4330543933054393,0.0,0.45188284518828453,0.39330543933054396,0.40794979079497906,0.4665271966527197],[0.5899581589958159,0.4686192468619247,0.4372384937238494,0.45188284518828453,0.0,0.41841004184100417,0.39539748953974896,0.5334728033472803],[0.5188284518828452,0.4393305439330544,0.47489539748953974,0.39330543933054396,0.41841004184100417,0.0,0.3200836820083682,0.4665271966527197],[0.46234309623430964,0.3912133891213389,0.3682008368200837,0.40794979079497906,0.39539748953974896,0.3200836820083682,0.0,0.4100418410041841],[0.5753138075313807,0.4497907949790795,0.5271966527196653,0.4665271966527197,0.5334728033472803,0.4665271966527197,0.4100418410041841,0.0]],"Set 1 Corr":[[0.0,0.40932642487046633,0.44870466321243524,0.45492227979274613,0.5440414507772021,0.45284974093264246,0.43419689119170984,0.5564766839378238],[0.40932642487046633,0.0,0.2849740932642487,0.2911917098445596,0.42590673575129534,0.322279792746114,0.3533678756476684,0.46735751295336786],[0.44870466321243524,0.2849740932642487,0.0,0.2766839378238342,0.41968911917098445,0.37409326424870465,0.38860103626943004,0.4694300518134715],[0.45492227979274613,0.2911917098445596,0.2766839378238342,0.0,0.3305699481865285,0.30984455958549223,0.36580310880829014,0.43005181347150256],[0.5440414507772021,0.42590673575129534,0.41968911917098445,0.3305699481865285,0.0,0.3450777202072539,0.40518134715025905,0.5481865284974093],[0.45284974093264246,0.322279792746114,0.37409326424870465,0.30984455958549223,0.3450777202072539,0.0,0.2766839378238342,0.44041450777202074],[0.43419689119170984,0.3533678756476684,0.38860103626943004,0.36580310880829014,0.40518134715025905,0.2766839378238342,0.0,0.39689119170984455],[0.5564766839378238,0.46735751295336786,0.4694300518134715,0.43005181347150256,0.5481865284974093,0.44041450777202074,0.39689119170984455,0.0]]}