{"Set 1":[0.9183884297520661,0.7995867768595041,0.8274793388429752,0.8099173553719008,0.8460743801652892,0.8419421487603306,0.8057851239669421,0.9287190082644629],"Set 2":[0.9242738589211619,0.808091286307054,0.8443983402489627,0.8475103734439834,0.8578838174273858,0.8495850622406639,0.8443983402489627,0.9076763485477178],"Set 2 Corr":[[0.0,0.5975103734439834,0.5954356846473029,0.5684647302904564,0.5933609958506224,0.5933609958506224,0.5746887966804979,0.6804979253112033],[0.5975103734439834,0.0,0.470954356846473,0.42738589211618255,0.44398340248962653,0.3941908713692946,0.4170124481327801,0.5062240663900415],[0.5954356846473029,0.470954356846473,0.0,0.5456431535269709,0.508298755186722,0.46680497925311204,0.5020746887966805,0.5746887966804979],[0.5684647302904564,0.42738589211618255,0.5456431535269709,0.0,0.5062240663900415,0.44813278008298757,0.47925311203319504,0.5809128630705395],[0.5933609958506224,0.44398340248962653,0.508298755186722,0.5062240663900415,0.0,0.5518672199170125,0.495850622406639,0.5809128630705395],[0.5933609958506224,0.3941908713692946,0.46680497925311204,0.44813278008298757,0.5518672199170125,0.0,0.483402489626556,0.5643153526970954],[0.5746887966804979,0.4170124481327801,0.5020746887966805,0.47925311203319504,0.495850622406639,0.483402489626556,0.0,0.6327800829875518],[0.6804979253112033,0.5062240663900415,0.5746887966804979,0.5809128630705395,0.5809128630705395,0.5643153526970954,0.6327800829875518,0.0]],"Set 1 Corr":[[0.0,0.5599173553719008,0.5454545454545454,0.506198347107438,0.6033057851239669,0.6033057851239669,0.53099173553719,0.7107438016528925],[0.5599173553719008,0.0,0.365702479338843,0.3512396694214876,0.4152892561983471,0.4524793388429752,0.359504132231405,0.5227272727272727],[0.5454545454545454,0.365702479338843,0.0,0.40289256198347106,0.45454545454545453,0.4214876033057851,0.3822314049586777,0.5619834710743802],[0.506198347107438,0.3512396694214876,0.40289256198347106,0.0,0.4359504132231405,0.4152892561983471,0.3925619834710744,0.53099173553719],[0.6033057851239669,0.4152892561983471,0.45454545454545453,0.4359504132231405,0.0,0.49586776859504134,0.4194214876033058,0.5909090909090909],[0.6033057851239669,0.4524793388429752,0.4214876033057851,0.4152892561983471,0.49586776859504134,0.0,0.390495867768595,0.5743801652892562],[0.53099173553719,0.359504132231405,0.3822314049586777,0.3925619834710744,0.4194214876033058,0.390495867768595,0.0,0.5516528925619835],[0.7107438016528925,0.5227272727272727,0.5619834710743802,0.53099173553719,0.5909090909090909,0.5743801652892562,0.5516528925619835,0.0]]}