{"Set 1":[0.965625,0.94375,0.946875,0.909375,0.9583333333333334,0.91875,0.940625,0.978125],"Set 2":[0.9773429454170958,0.9588053553038105,0.9557157569515963,0.9598352214212152,0.9588053553038105,0.945417095777549,0.9309989701338826,0.9546858908341915],"Set 2 Corr":[[0.0,0.8846549948506695,0.870236869207003,0.88259526261586,0.8764160659114315,0.8455200823892894,0.8290422245108136,0.8805355303810505],[0.8846549948506695,0.0,0.8414006179196705,0.8496395468589083,0.84346035015448,0.8208032955715757,0.800205973223481,0.835221421215242],[0.870236869207003,0.8414006179196705,0.0,0.839340885684861,0.8290422245108136,0.8228630278063852,0.8022657054582905,0.8414006179196705],[0.88259526261586,0.8496395468589083,0.839340885684861,0.0,0.8414006179196705,0.8105046343975283,0.8063851699279093,0.8372811534500515],[0.8764160659114315,0.84346035015448,0.8290422245108136,0.8414006179196705,0.0,0.8208032955715757,0.7837281153450052,0.8269824922760041],[0.8455200823892894,0.8208032955715757,0.8228630278063852,0.8105046343975283,0.8208032955715757,0.0,0.761071060762101,0.8084449021627188],[0.8290422245108136,0.800205973223481,0.8022657054582905,0.8063851699279093,0.7837281153450052,0.761071060762101,0.0,0.7837281153450052],[0.8805355303810505,0.835221421215242,0.8414006179196705,0.8372811534500515,0.8269824922760041,0.8084449021627188,0.7837281153450052,0.0]],"Set 1 Corr":[[0.0,0.8354166666666667,0.8291666666666667,0.7708333333333334,0.8520833333333333,0.7854166666666667,0.8166666666666667,0.9],[0.8354166666666667,0.0,0.7979166666666667,0.7395833333333334,0.8166666666666667,0.7625,0.79375,0.8479166666666667],[0.8291666666666667,0.7979166666666667,0.0,0.7416666666666667,0.8229166666666666,0.7520833333333333,0.7791666666666667,0.85],[0.7708333333333334,0.7395833333333334,0.7416666666666667,0.0,0.7520833333333333,0.68125,0.7208333333333333,0.7833333333333333],[0.8520833333333333,0.8166666666666667,0.8229166666666666,0.7520833333333333,0.0,0.7708333333333334,0.8020833333333334,0.8729166666666667],[0.7854166666666667,0.7625,0.7520833333333333,0.68125,0.7708333333333334,0.0,0.74375,0.80625],[0.8166666666666667,0.79375,0.7791666666666667,0.7208333333333333,0.8020833333333334,0.74375,0.0,0.85],[0.9,0.8479166666666667,0.85,0.7833333333333333,0.8729166666666667,0.80625,0.85,0.0]]}