{"Set 1":[0.8371848739495799,0.6596638655462185,0.7321428571428571,0.6733193277310925,0.7258403361344538,0.7153361344537815,0.6859243697478992,0.8529411764705882],"Set 2":[0.8260869565217391,0.6677018633540373,0.7236024844720497,0.7474120082815735,0.7391304347826086,0.7329192546583851,0.6987577639751553,0.8467908902691511],"Set 2 Corr":[[0.0,0.2815734989648033,0.2567287784679089,0.32919254658385094,0.2919254658385093,0.2919254658385093,0.2484472049689441,0.453416149068323],[0.2815734989648033,0.0,0.09730848861283643,0.09937888198757763,0.17805383022774326,0.12422360248447205,0.14285714285714285,0.2650103519668737],[0.2567287784679089,0.09730848861283643,0.0,0.2360248447204969,0.2028985507246377,0.2567287784679089,0.16770186335403728,0.2981366459627329],[0.32919254658385094,0.09937888198757763,0.2360248447204969,0.0,0.22153209109730848,0.20082815734989648,0.2277432712215321,0.3416149068322981],[0.2919254658385093,0.17805383022774326,0.2028985507246377,0.22153209109730848,0.0,0.21325051759834368,0.12836438923395446,0.3416149068322981],[0.2919254658385093,0.12422360248447205,0.2567287784679089,0.20082815734989648,0.21325051759834368,0.0,0.17391304347826086,0.2919254658385093],[0.2484472049689441,0.14285714285714285,0.16770186335403728,0.2277432712215321,0.12836438923395446,0.17391304347826086,0.0,0.2857142857142857],[0.453416149068323,0.2650103519668737,0.2981366459627329,0.3416149068322981,0.3416149068322981,0.2919254658385093,0.2857142857142857,0.0]],"Set 1 Corr":[[0.0,0.1407563025210084,0.25630252100840334,0.2184873949579832,0.29411764705882354,0.3025210084033613,0.23109243697478993,0.49369747899159666],[0.1407563025210084,0.0,0.04411764705882353,0.07352941176470588,0.17016806722689076,0.17016806722689076,0.09873949579831932,0.19327731092436976],[0.25630252100840334,0.04411764705882353,0.0,0.14285714285714285,0.16806722689075632,0.18067226890756302,0.13865546218487396,0.32563025210084034],[0.2184873949579832,0.07352941176470588,0.14285714285714285,0.0,0.14705882352941177,0.0546218487394958,0.14705882352941177,0.2542016806722689],[0.29411764705882354,0.17016806722689076,0.16806722689075632,0.14705882352941177,0.0,0.11764705882352941,0.14285714285714285,0.3004201680672269],[0.3025210084033613,0.17016806722689076,0.18067226890756302,0.0546218487394958,0.11764705882352941,0.0,0.10504201680672269,0.27941176470588236],[0.23109243697478993,0.09873949579831932,0.13865546218487396,0.14705882352941177,0.14285714285714285,0.10504201680672269,0.0,0.20378151260504201],[0.49369747899159666,0.19327731092436976,0.32563025210084034,0.2542016806722689,0.3004201680672269,0.27941176470588236,0.20378151260504201,0.0]]}