{"Set 1":[0.9010416666666666,0.8479166666666667,0.8479166666666667,0.8354166666666667,0.86875,0.8270833333333333,0.8572916666666667,0.9104166666666667],"Set 2":[0.9166666666666666,0.8806584362139918,0.8786008230452675,0.8755144032921811,0.8868312757201646,0.8775720164609053,0.8302469135802469,0.8734567901234568],"Set 2 Corr":[[0.0,0.6193415637860082,0.6234567901234568,0.6172839506172839,0.6563786008230452,0.6337448559670782,0.551440329218107,0.6172839506172839],[0.6193415637860082,0.0,0.5637860082304527,0.5411522633744856,0.5802469135802469,0.5617283950617284,0.5041152263374485,0.5617283950617284],[0.6234567901234568,0.5637860082304527,0.0,0.5411522633744856,0.5802469135802469,0.5781893004115226,0.5123456790123457,0.5699588477366255],[0.6172839506172839,0.5411522633744856,0.5411522633744856,0.0,0.5411522633744856,0.5555555555555556,0.49382716049382713,0.5432098765432098],[0.6563786008230452,0.5802469135802469,0.5802469135802469,0.5411522633744856,0.0,0.5534979423868313,0.5,0.5740740740740741],[0.6337448559670782,0.5617283950617284,0.5781893004115226,0.5555555555555556,0.5534979423868313,0.0,0.448559670781893,0.5637860082304527],[0.551440329218107,0.5041152263374485,0.5123456790123457,0.49382716049382713,0.5,0.448559670781893,0.0,0.46502057613168724],[0.6172839506172839,0.5617283950617284,0.5699588477366255,0.5432098765432098,0.5740740740740741,0.5637860082304527,0.46502057613168724,0.0]],"Set 1 Corr":[[0.0,0.5145833333333333,0.5479166666666667,0.51875,0.6020833333333333,0.51875,0.5958333333333333,0.65625],[0.5145833333333333,0.0,0.44583333333333336,0.45,0.525,0.4791666666666667,0.47291666666666665,0.5708333333333333],[0.5479166666666667,0.44583333333333336,0.0,0.42916666666666664,0.49583333333333335,0.4791666666666667,0.47291666666666665,0.5916666666666667],[0.51875,0.45,0.42916666666666664,0.0,0.475,0.4166666666666667,0.5020833333333333,0.5416666666666666],[0.6020833333333333,0.525,0.49583333333333335,0.475,0.0,0.4166666666666667,0.4979166666666667,0.6],[0.51875,0.4791666666666667,0.4791666666666667,0.4166666666666667,0.4166666666666667,0.0,0.40625,0.5125],[0.5958333333333333,0.47291666666666665,0.47291666666666665,0.5020833333333333,0.4979166666666667,0.40625,0.0,0.55625],[0.65625,0.5708333333333333,0.5916666666666667,0.5416666666666666,0.6,0.5125,0.55625,0.0]]}