{"Set 1":[0.86652977412731,0.582135523613963,0.6919917864476386,0.6190965092402464,0.6540041067761807,0.688911704312115,0.6293634496919918,0.8798767967145791],"Set 2":[0.8983572895277208,0.6190965092402464,0.6806981519507187,0.6919917864476386,0.6262833675564682,0.7053388090349076,0.6201232032854209,0.8593429158110883],"Set 2 Corr":[[0.0,0.26899383983572894,0.33059548254620125,0.2751540041067762,0.2135523613963039,0.3264887063655031,0.2053388090349076,0.5728952772073922],[0.26899383983572894,0.0,-0.006160164271047228,0.1806981519507187,-0.02053388090349076,0.10472279260780287,0.012320328542094456,0.1540041067761807],[0.33059548254620125,-0.006160164271047228,0.0,0.17659137577002054,0.2299794661190965,0.162217659137577,0.0944558521560575,0.23613963039014374],[0.2751540041067762,0.1806981519507187,0.17659137577002054,0.0,0.06776180698151951,0.2464065708418891,0.059548254620123205,0.2997946611909651],[0.2135523613963039,-0.02053388090349076,0.2299794661190965,0.06776180698151951,0.0,0.188911704312115,0.12525667351129363,0.1437371663244353],[0.3264887063655031,0.10472279260780287,0.162217659137577,0.2464065708418891,0.188911704312115,0.0,0.012320328542094456,0.29774127310061604],[0.2053388090349076,0.012320328542094456,0.0944558521560575,0.059548254620123205,0.12525667351129363,0.012320328542094456,0.0,0.25051334702258726],[0.5728952772073922,0.1540041067761807,0.23613963039014374,0.2997946611909651,0.1437371663244353,0.29774127310061604,0.25051334702258726,0.0]],"Set 1 Corr":[[0.0,0.18480492813141683,0.33059548254620125,0.11909650924024641,0.26283367556468173,0.2792607802874743,0.23819301848049282,0.5749486652977412],[0.18480492813141683,0.0,-0.012320328542094456,0.09240246406570841,0.03490759753593429,0.13347022587268995,0.059548254620123205,0.1457905544147844],[0.33059548254620125,-0.012320328542094456,0.0,0.09856262833675565,0.22587268993839835,0.1273100616016427,0.11088295687885011,0.2874743326488706],[0.11909650924024641,0.09240246406570841,0.09856262833675565,0.0,0.12525667351129363,0.11704312114989733,-0.014373716632443531,0.162217659137577],[0.26283367556468173,0.03490759753593429,0.22587268993839835,0.12525667351129363,0.0,0.04722792607802875,0.19096509240246407,0.21560574948665298],[0.2792607802874743,0.13347022587268995,0.1273100616016427,0.11704312114989733,0.04722792607802875,0.0,0.07186858316221766,0.3470225872689938],[0.23819301848049282,0.059548254620123205,0.11088295687885011,-0.014373716632443531,0.19096509240246407,0.07186858316221766,0.0,0.2402464065708419],[0.5749486652977412,0.1457905544147844,0.2874743326488706,0.162217659137577,0.21560574948665298,0.3470225872689938,0.2402464065708419,0.0]]}