{"Set 1":[0.8463917525773196,0.5505154639175258,0.6164948453608248,0.5824742268041238,0.6123711340206186,0.6350515463917525,0.5525773195876289,0.8216494845360824],"Set 2":[0.8063851699279093,0.5695159629248198,0.6240988671472708,0.615859938208033,0.6148300720906282,0.6292481977342945,0.6004119464469619,0.8424304840370752],"Set 2 Corr":[[0.0,0.1266735324407827,0.16168898043254376,0.12461380020597322,0.1678681771369722,0.19258496395468588,0.0854788877445932,0.45829042224510813],[0.1266735324407827,0.0,-0.01956745623069001,0.13697219361483007,0.1101956745623069,0.08135942327497425,0.05664263645726056,0.13285272914521112],[0.16168898043254376,-0.01956745623069001,0.0,0.0690010298661174,0.08341915550978372,0.07518022657054584,0.06694129763130793,0.1678681771369722],[0.12461380020597322,0.13697219361483007,0.0690010298661174,0.0,0.05870236869207003,0.11225540679711637,0.09165808444902163,0.19258496395468588],[0.1678681771369722,0.1101956745623069,0.08341915550978372,0.05870236869207003,0.0,0.07312049433573635,0.05664263645726056,0.17816683831101957],[0.19258496395468588,0.08135942327497425,0.07518022657054584,0.11225540679711637,0.07312049433573635,0.0,-0.025746652935118436,0.18640576725025745],[0.0854788877445932,0.05664263645726056,0.06694129763130793,0.09165808444902163,0.05664263645726056,-0.025746652935118436,0.0,0.17816683831101957],[0.45829042224510813,0.13285272914521112,0.1678681771369722,0.19258496395468588,0.17816683831101957,0.18640576725025745,0.17816683831101957,0.0]],"Set 1 Corr":[[0.0,0.020618556701030927,0.177319587628866,0.10103092783505155,0.15257731958762888,0.2309278350515464,0.11134020618556702,0.44329896907216493],[0.020618556701030927,0.0,-0.026804123711340205,0.07835051546391752,0.030927835051546393,0.01443298969072165,0.04329896907216495,0.024742268041237112],[0.177319587628866,-0.026804123711340205,0.0,-0.04536082474226804,0.07628865979381444,0.07216494845360824,0.04742268041237113,0.177319587628866],[0.10103092783505155,0.07835051546391752,-0.04536082474226804,0.0,0.049484536082474224,0.06597938144329897,0.03711340206185567,0.07628865979381444],[0.15257731958762888,0.030927835051546393,0.07628865979381444,0.049484536082474224,0.0,-0.02268041237113402,0.09278350515463918,0.12783505154639174],[0.2309278350515464,0.01443298969072165,0.07216494845360824,0.06597938144329897,-0.02268041237113402,0.0,-0.04329896907216495,0.21855670103092784],[0.11134020618556702,0.04329896907216495,0.04742268041237113,0.03711340206185567,0.09278350515463918,-0.04329896907216495,0.0,0.0],[0.44329896907216493,0.024742268041237112,0.177319587628866,0.07628865979381444,0.12783505154639174,0.21855670103092784,0.0,0.0]]}