{"Set 1":[0.9015544041450777,0.7088082901554404,0.7492227979274612,0.7409326424870466,0.7761658031088083,0.7585492227979275,0.7481865284974093,0.9025906735751296],"Set 2":[0.8910788381742739,0.725103734439834,0.7811203319502075,0.7956431535269709,0.7935684647302904,0.8101659751037344,0.7261410788381742,0.8962655601659751],"Set 2 Corr":[[0.0,0.44813278008298757,0.47717842323651455,0.4896265560165975,0.45643153526970953,0.47717842323651455,0.35892116182572614,0.6078838174273858],[0.44813278008298757,0.0,0.24481327800829875,0.26141078838174275,0.2946058091286307,0.26556016597510373,0.22614107883817428,0.3755186721991701],[0.47717842323651455,0.24481327800829875,0.0,0.4190871369294606,0.33195020746887965,0.36929460580912865,0.2925311203319502,0.475103734439834],[0.4896265560165975,0.26141078838174275,0.4190871369294606,0.0,0.35269709543568467,0.3817427385892116,0.2800829875518672,0.4336099585062241],[0.45643153526970953,0.2946058091286307,0.33195020746887965,0.35269709543568467,0.0,0.4315352697095436,0.2676348547717842,0.45435684647302904],[0.47717842323651455,0.26556016597510373,0.36929460580912865,0.3817427385892116,0.4315352697095436,0.0,0.3630705394190871,0.5124481327800829],[0.35892116182572614,0.22614107883817428,0.2925311203319502,0.2800829875518672,0.2676348547717842,0.3630705394190871,0.0,0.4149377593360996],[0.6078838174273858,0.3755186721991701,0.475103734439834,0.4336099585062241,0.45435684647302904,0.5124481327800829,0.4149377593360996,0.0]],"Set 1 Corr":[[0.0,0.38238341968911915,0.44248704663212435,0.40518134715025905,0.41761658031088084,0.42797927461139895,0.39067357512953366,0.6538860103626943],[0.38238341968911915,0.0,0.18134715025906736,0.21450777202072538,0.23523316062176167,0.24145077720207253,0.2,0.35544041450777203],[0.44248704663212435,0.18134715025906736,0.0,0.15854922279792746,0.2704663212435233,0.23523316062176167,0.2683937823834197,0.42797927461139895],[0.40518134715025905,0.21450777202072538,0.15854922279792746,0.0,0.3077720207253886,0.2601036269430052,0.20621761658031088,0.38652849740932643],[0.41761658031088084,0.23523316062176167,0.2704663212435233,0.3077720207253886,0.0,0.2683937823834197,0.27253886010362693,0.42383419689119173],[0.42797927461139895,0.24145077720207253,0.23523316062176167,0.2601036269430052,0.2683937823834197,0.0,0.20414507772020726,0.42176165803108806],[0.39067357512953366,0.2,0.2683937823834197,0.20621761658031088,0.27253886010362693,0.20414507772020726,0.0,0.43005181347150256],[0.6538860103626943,0.35544041450777203,0.42797927461139895,0.38652849740932643,0.42383419689119173,0.42176165803108806,0.43005181347150256,0.0]]}