{"Set 1":[0.8867147270854789,0.6426364572605562,0.7662203913491246,0.6601441812564367,0.7322348094747683,0.733264675592173,0.6622039134912462,0.9279093717816684],"Set 2":[0.8863636363636364,0.6880165289256198,0.753099173553719,0.7520661157024794,0.7396694214876033,0.7252066115702479,0.6942148760330579,0.8822314049586777],"Set 2 Corr":[[0.0,0.38016528925619836,0.4152892561983471,0.38016528925619836,0.3677685950413223,0.359504132231405,0.28512396694214875,0.6074380165289256],[0.38016528925619836,0.0,0.1797520661157025,0.19421487603305784,0.12396694214876033,0.17355371900826447,0.12396694214876033,0.29338842975206614],[0.4152892561983471,0.1797520661157025,0.0,0.22107438016528927,0.2871900826446281,0.1797520661157025,0.18388429752066116,0.39462809917355374],[0.38016528925619836,0.19421487603305784,0.22107438016528927,0.0,0.22727272727272727,0.2892561983471074,0.1487603305785124,0.36363636363636365],[0.3677685950413223,0.12396694214876033,0.2871900826446281,0.22727272727272727,0.0,0.22727272727272727,0.19834710743801653,0.40082644628099173],[0.359504132231405,0.17355371900826447,0.1797520661157025,0.2892561983471074,0.22727272727272727,0.0,0.14049586776859505,0.35537190082644626],[0.28512396694214875,0.12396694214876033,0.18388429752066116,0.1487603305785124,0.19834710743801653,0.14049586776859505,0.0,0.371900826446281],[0.6074380165289256,0.29338842975206614,0.39462809917355374,0.36363636363636365,0.40082644628099173,0.35537190082644626,0.371900826446281,0.0]],"Set 1 Corr":[[0.0,0.2687950566426365,0.43357363542739447,0.262615859938208,0.3532440782698249,0.3388259526261586,0.262615859938208,0.6498455200823893],[0.2687950566426365,0.0,0.08135942327497425,0.14933058702368693,0.13285272914521112,0.13079299691040164,0.09989701338825953,0.2729145211122554],[0.43357363542739447,0.08135942327497425,0.0,0.16580844490216273,0.32646755921730175,0.24613800205973224,0.17404737384140062,0.44593202883625127],[0.262615859938208,0.14933058702368693,0.16580844490216273,0.0,0.18022657054582905,0.21112255406797117,0.08135942327497425,0.28733264675592174],[0.3532440782698249,0.13285272914521112,0.32646755921730175,0.18022657054582905,0.0,0.2399588053553038,0.18022657054582905,0.41503604531410915],[0.3388259526261586,0.13079299691040164,0.24613800205973224,0.21112255406797117,0.2399588053553038,0.0,0.12461380020597322,0.4129763130792997],[0.262615859938208,0.09989701338825953,0.17404737384140062,0.08135942327497425,0.18022657054582905,0.12461380020597322,0.0,0.3161688980432544],[0.6498455200823893,0.2729145211122554,0.44593202883625127,0.28733264675592174,0.41503604531410915,0.4129763130792997,0.3161688980432544,0.0]]}