{"Set 1":[0.9119754350051177,0.6243602865916069,0.7287615148413511,0.6673490276356192,0.6867963152507677,0.7308085977482088,0.631525076765609,0.9048106448311156],"Set 2":[0.8804573804573804,0.6330561330561331,0.7536382536382537,0.739085239085239,0.7006237006237006,0.7588357588357588,0.659043659043659,0.896049896049896],"Set 2 Corr":[[0.0,0.33471933471933474,0.40124740124740127,0.34303534303534305,0.29521829521829523,0.38253638253638256,0.2577962577962578,0.5987525987525988],[0.33471933471933474,0.0,0.07692307692307693,0.20997920997921,0.08731808731808732,0.13721413721413722,0.10810810810810811,0.20374220374220375],[0.40124740124740127,0.07692307692307693,0.0,0.24324324324324326,0.28274428274428276,0.24532224532224534,0.1496881496881497,0.41164241164241167],[0.34303534303534305,0.20997920997921,0.24324324324324326,0.0,0.1496881496881497,0.2993762993762994,0.12058212058212059,0.340956340956341],[0.29521829521829523,0.08731808731808732,0.28274428274428276,0.1496881496881497,0.0,0.18087318087318088,0.1392931392931393,0.30561330561330563],[0.38253638253638256,0.13721413721413722,0.24532224532224534,0.2993762993762994,0.18087318087318088,0.0,0.14760914760914762,0.43451143451143454],[0.2577962577962578,0.10810810810810811,0.1496881496881497,0.12058212058212059,0.1392931392931393,0.14760914760914762,0.0,0.30145530145530147],[0.5987525987525988,0.20374220374220375,0.41164241164241167,0.340956340956341,0.30561330561330563,0.43451143451143454,0.30145530145530147,0.0]],"Set 1 Corr":[[0.0,0.25281473899692936,0.4329580348004094,0.25281473899692936,0.3162743091095189,0.38792221084953943,0.2016376663254862,0.6499488229273286],[0.25281473899692936,0.0,0.05015353121801433,0.172978505629478,0.10951893551688843,0.14841351074718526,0.048106448311156604,0.23848515864892528],[0.4329580348004094,0.05015353121801433,0.0,0.11566018423746162,0.2323439099283521,0.1647901740020471,0.08904810644831115,0.353121801432958],[0.25281473899692936,0.172978505629478,0.11566018423746162,0.0,0.14636642784032752,0.22210849539406347,0.027635619242579325,0.2671443193449335],[0.3162743091095189,0.10951893551688843,0.2323439099283521,0.14636642784032752,0.0,0.0931422722620266,0.14841351074718526,0.3060388945752303],[0.38792221084953943,0.14841351074718526,0.1647901740020471,0.22210849539406347,0.0931422722620266,0.0,0.06038894575230297,0.42681678607983625],[0.2016376663254862,0.048106448311156604,0.08904810644831115,0.027635619242579325,0.14841351074718526,0.06038894575230297,0.0,0.2610030706243603],[0.6499488229273286,0.23848515864892528,0.353121801432958,0.2671443193449335,0.3060388945752303,0.42681678607983625,0.2610030706243603,0.0]]}