{"Set 1":[0.7848898216159497,0.5131164742917104,0.6190975865687304,0.5918153200419727,0.5991605456453305,0.6253934942287513,0.5519412381951732,0.8174186778593914],"Set 2":[0.7944785276073619,0.5695296523517382,0.591002044989775,0.6298568507157464,0.6339468302658486,0.623721881390593,0.6175869120654397,0.8231083844580777],"Set 2 Corr":[[0.0,0.12883435582822086,0.08588957055214724,0.09406952965235174,0.15132924335378323,0.1390593047034765,0.130879345603272,0.3537832310838446],[0.12883435582822086,0.0,-0.11042944785276074,0.02044989775051125,0.049079754601226995,0.08997955010224949,0.065439672801636,0.07975460122699386],[0.08588957055214724,-0.11042944785276074,0.0,0.04703476482617587,0.05112474437627812,0.04294478527607362,0.034764826175869123,0.09406952965235174],[0.09406952965235174,0.02044989775051125,0.04703476482617587,0.0,0.08384458077709611,0.09202453987730061,0.014314928425357873,0.17177914110429449],[0.15132924335378323,0.049079754601226995,0.05112474437627812,0.08384458077709611,0.0,0.034764826175869123,0.1083844580777096,0.16359918200409],[0.1390593047034765,0.08997955010224949,0.04294478527607362,0.09202453987730061,0.034764826175869123,0.0,0.002044989775051125,0.15132924335378323],[0.130879345603272,0.065439672801636,0.034764826175869123,0.014314928425357873,0.1083844580777096,0.002044989775051125,0.0,0.147239263803681],[0.3537832310838446,0.07975460122699386,0.09406952965235174,0.17177914110429449,0.16359918200409,0.15132924335378323,0.147239263803681,0.0]],"Set 1 Corr":[[0.0,-0.05981112277019937,0.1689401888772298,0.11857292759706191,0.07450157397691501,0.1689401888772298,0.05141657922350472,0.35571878279118574],[-0.05981112277019937,0.0,-0.12696747114375656,0.03252885624344176,0.06400839454354669,0.011542497376705142,-0.013641133263378805,0.026232948583420776],[0.1689401888772298,-0.12696747114375656,0.0,0.05141657922350472,0.03252885624344176,0.055613850996852045,-0.0031479538300104933,0.19202518363064008],[0.11857292759706191,0.03252885624344176,0.05141657922350472,0.0,-0.013641133263378805,0.017838405036726127,0.05141657922350472,0.09968520461699895],[0.07450157397691501,0.06400839454354669,0.03252885624344176,-0.013641133263378805,0.0,0.007345225603357817,0.01993704092339979,0.12277019937040923],[0.1689401888772298,0.011542497376705142,0.055613850996852045,0.017838405036726127,0.007345225603357817,0.0,-0.07869884575026233,0.1458551941238195],[0.05141657922350472,-0.013641133263378805,-0.0031479538300104933,0.05141657922350472,0.01993704092339979,-0.07869884575026233,0.0,0.040923399790136414],[0.35571878279118574,0.026232948583420776,0.19202518363064008,0.09968520461699895,0.12277019937040923,0.1458551941238195,0.040923399790136414,0.0]]}