{"Set 1":[0.8305613305613305,0.7411642411642412,0.7858627858627859,0.764033264033264,0.7848232848232848,0.7848232848232848,0.7182952182952183,0.8659043659043659],"Set 2":[0.8683937823834197,0.7730569948186529,0.7772020725388601,0.7979274611398963,0.7917098445595855,0.7968911917098446,0.7616580310880829,0.8538860103626943],"Set 2 Corr":[[0.0,0.3616580310880829,0.38238341968911915,0.4072538860103627,0.44041450777202074,0.4466321243523316,0.38031088082901554,0.5233160621761658],[0.3616580310880829,0.0,0.22072538860103627,0.24145077720207253,0.34922279792746114,0.338860103626943,0.3139896373056995,0.3616580310880829],[0.38238341968911915,0.22072538860103627,0.0,0.31191709844559584,0.24145077720207253,0.3471502590673575,0.29740932642487045,0.39481865284974094],[0.4072538860103627,0.24145077720207253,0.31191709844559584,0.0,0.3077720207253886,0.29740932642487045,0.338860103626943,0.41968911917098445],[0.44041450777202074,0.34922279792746114,0.24145077720207253,0.3077720207253886,0.0,0.28911917098445594,0.2601036269430052,0.43626943005181346],[0.4466321243523316,0.338860103626943,0.3471502590673575,0.29740932642487045,0.28911917098445594,0.0,0.2704663212435233,0.3927461139896373],[0.38031088082901554,0.3139896373056995,0.29740932642487045,0.338860103626943,0.2601036269430052,0.2704663212435233,0.0,0.31813471502590673],[0.5233160621761658,0.3616580310880829,0.39481865284974094,0.41968911917098445,0.43626943005181346,0.3927461139896373,0.31813471502590673,0.0]],"Set 1 Corr":[[0.0,0.2765072765072765,0.3700623700623701,0.3264033264033264,0.3970893970893971,0.35550935550935553,0.288981288981289,0.47193347193347196],[0.2765072765072765,0.0,0.2079002079002079,0.20997920997921,0.31392931392931395,0.32224532224532226,0.2182952182952183,0.36382536382536385],[0.3700623700623701,0.2079002079002079,0.0,0.2203742203742204,0.28274428274428276,0.32432432432432434,0.21205821205821207,0.4282744282744283],[0.3264033264033264,0.20997920997921,0.2203742203742204,0.0,0.2598752598752599,0.288981288981289,0.2681912681912682,0.35550935550935553],[0.3970893970893971,0.31392931392931395,0.28274428274428276,0.2598752598752599,0.0,0.2806652806652807,0.17671517671517672,0.4178794178794179],[0.35550935550935553,0.32224532224532226,0.32432432432432434,0.288981288981289,0.2806652806652807,0.0,0.1683991683991684,0.3970893970893971],[0.288981288981289,0.2182952182952183,0.21205821205821207,0.2681912681912682,0.17671517671517672,0.1683991683991684,0.0,0.22245322245322247],[0.47193347193347196,0.36382536382536385,0.4282744282744283,0.35550935550935553,0.4178794178794179,0.3970893970893971,0.22245322245322247,0.0]]}