{"Set 1":[0.9501039501039501,0.8440748440748441,0.8835758835758836,0.867983367983368,0.9002079002079002,0.8752598752598753,0.8783783783783784,0.9542619542619543],"Set 2":[0.9363256784968684,0.8778705636743215,0.8956158663883089,0.9279749478079332,0.9091858037578288,0.8914405010438413,0.8799582463465553,0.9081419624217119],"Set 2 Corr":[[0.0,0.7160751565762005,0.697286012526096,0.7494780793319415,0.7202505219206681,0.6722338204592901,0.6659707724425887,0.7014613778705637],[0.7160751565762005,0.0,0.5970772442588727,0.6576200417536534,0.6409185803757829,0.592901878914405,0.569937369519833,0.6221294363256785],[0.697286012526096,0.5970772442588727,0.0,0.6764091858037579,0.6597077244258872,0.615866388308977,0.6096033402922756,0.6492693110647182],[0.7494780793319415,0.6576200417536534,0.6764091858037579,0.0,0.7160751565762005,0.6638830897703549,0.6534446764091858,0.6931106471816284],[0.7202505219206681,0.6409185803757829,0.6597077244258872,0.7160751565762005,0.0,0.6597077244258872,0.6242171189979123,0.651356993736952],[0.6722338204592901,0.592901878914405,0.615866388308977,0.6638830897703549,0.6597077244258872,0.0,0.6263048016701461,0.6450939457202505],[0.6659707724425887,0.569937369519833,0.6096033402922756,0.6534446764091858,0.6242171189979123,0.6263048016701461,0.0,0.6430062630480167],[0.7014613778705637,0.6221294363256785,0.6492693110647182,0.6931106471816284,0.651356993736952,0.6450939457202505,0.6430062630480167,0.0]],"Set 1 Corr":[[0.0,0.6299376299376299,0.7006237006237006,0.6694386694386695,0.7422037422037422,0.6798336798336798,0.681912681912682,0.8128898128898129],[0.6299376299376299,0.0,0.5051975051975052,0.48232848232848236,0.5717255717255717,0.5135135135135135,0.5155925155925156,0.6174636174636174],[0.7006237006237006,0.5051975051975052,0.0,0.5945945945945946,0.6174636174636174,0.6008316008316008,0.6112266112266113,0.6964656964656964],[0.6694386694386695,0.48232848232848236,0.5945945945945946,0.0,0.5987525987525988,0.5405405405405406,0.5634095634095634,0.6652806652806653],[0.7422037422037422,0.5717255717255717,0.6174636174636174,0.5987525987525988,0.0,0.5966735966735967,0.6195426195426196,0.7214137214137214],[0.6798336798336798,0.5135135135135135,0.6008316008316008,0.5405405405405406,0.5966735966735967,0.0,0.553014553014553,0.6923076923076923],[0.681912681912682,0.5155925155925156,0.6112266112266113,0.5634095634095634,0.6195426195426196,0.553014553014553,0.0,0.6943866943866944],[0.8128898128898129,0.6174636174636174,0.6964656964656964,0.6652806652806653,0.7214137214137214,0.6923076923076923,0.6943866943866944,0.0]]}