{"Set 1":[0.7875647668393783,0.5927461139896373,0.6601036269430052,0.6093264248704663,0.6704663212435233,0.6393782383419689,0.5792746113989637,0.8404145077720208],"Set 2":[0.8068181818181818,0.631198347107438,0.6580578512396694,0.6673553719008265,0.637396694214876,0.6776859504132231,0.6580578512396694,0.8305785123966942],"Set 2 Corr":[[0.0,0.21074380165289255,0.16942148760330578,0.24173553719008264,0.17768595041322313,0.24586776859504134,0.17768595041322313,0.4607438016528926],[0.21074380165289255,0.0,0.008264462809917356,0.014462809917355372,0.01652892561983471,0.08884297520661157,0.08677685950413223,0.16322314049586778],[0.16942148760330578,0.008264462809917356,0.0,0.10950413223140495,0.10743801652892562,0.1590909090909091,0.12396694214876033,0.25413223140495866],[0.24173553719008264,0.014462809917355372,0.10950413223140495,0.0,0.14256198347107438,0.15702479338842976,0.15082644628099173,0.2231404958677686],[0.17768595041322313,0.01652892561983471,0.10743801652892562,0.14256198347107438,0.0,0.0640495867768595,0.08264462809917356,0.1797520661157025],[0.24586776859504134,0.08884297520661157,0.1590909090909091,0.15702479338842976,0.0640495867768595,0.0,0.05991735537190083,0.21487603305785125],[0.17768595041322313,0.08677685950413223,0.12396694214876033,0.15082644628099173,0.08264462809917356,0.05991735537190083,0.0,0.22107438016528927],[0.4607438016528926,0.16322314049586778,0.25413223140495866,0.2231404958677686,0.1797520661157025,0.21487603305785125,0.22107438016528927,0.0]],"Set 1 Corr":[[0.0,0.07564766839378238,0.15233160621761657,0.17098445595854922,0.19792746113989637,0.19792746113989637,0.09844559585492228,0.38860103626943004],[0.07564766839378238,0.0,-0.08393782383419689,-0.007253886010362694,0.03626943005181347,0.061139896373056994,0.007253886010362694,0.09430051813471503],[0.15233160621761657,-0.08393782383419689,0.0,-0.0010362694300518134,0.05077720207253886,0.0922279792746114,0.06735751295336788,0.22072538860103627],[0.17098445595854922,-0.007253886010362694,-0.0010362694300518134,0.0,0.0031088082901554403,0.05699481865284974,0.0694300518134715,0.09430051813471503],[0.19792746113989637,0.03626943005181347,0.05077720207253886,0.0031088082901554403,0.0,0.04248704663212435,0.10880829015544041,0.25803108808290154],[0.19792746113989637,0.061139896373056994,0.0922279792746114,0.05699481865284974,0.04248704663212435,0.0,-0.09844559585492228,0.16269430051813472],[0.09844559585492228,0.007253886010362694,0.06735751295336788,0.0694300518134715,0.10880829015544041,-0.09844559585492228,0.0,0.08393782383419689],[0.38860103626943004,0.09430051813471503,0.22072538860103627,0.09430051813471503,0.25803108808290154,0.16269430051813472,0.08393782383419689,0.0]]}