{"Set 1":[0.7975206611570248,0.48037190082644626,0.5526859504132231,0.5051652892561983,0.5619834710743802,0.5609504132231405,0.4989669421487603,0.8233471074380165],"Set 2":[0.8305954825462012,0.5236139630390144,0.5513347022587269,0.5277207392197125,0.5379876796714579,0.5698151950718686,0.5174537987679672,0.8305954825462012],"Set 2 Corr":[[0.0,0.02053388090349076,0.10882956878850103,-0.004106776180698152,0.06981519507186858,0.10061601642710473,-0.004106776180698152,0.4414784394250513],[0.02053388090349076,0.0,-0.053388090349075976,0.07186858316221766,-0.022587268993839837,0.057494866529774126,0.026694045174537988,0.053388090349075976],[0.10882956878850103,-0.053388090349075976,0.0,-0.045174537987679675,0.08624229979466119,-0.039014373716632446,0.008213552361396304,0.09650924024640657],[-0.004106776180698152,0.07186858316221766,-0.045174537987679675,0.0,0.014373716632443531,0.08213552361396304,-0.030800821355236138,0.061601642710472276],[0.06981519507186858,-0.022587268993839837,0.08624229979466119,0.014373716632443531,0.0,0.03285420944558522,0.09650924024640657,0.024640657084188913],[0.10061601642710473,0.057494866529774126,-0.039014373716632446,0.08213552361396304,0.03285420944558522,0.0,-0.06570841889117043,0.12114989733059549],[-0.004106776180698152,0.026694045174537988,0.008213552361396304,-0.030800821355236138,0.09650924024640657,-0.06570841889117043,0.0,0.061601642710472276],[0.4414784394250513,0.053388090349075976,0.09650924024640657,0.061601642710472276,0.024640657084188913,0.12114989733059549,0.061601642710472276,0.0]],"Set 1 Corr":[[0.0,-0.05991735537190083,0.13429752066115702,-0.002066115702479339,0.10330578512396695,0.07644628099173553,0.01859504132231405,0.3987603305785124],[-0.05991735537190083,0.0,-0.1322314049586777,0.06198347107438017,-0.05165289256198347,0.05371900826446281,0.049586776859504134,-0.028925619834710745],[0.13429752066115702,-0.1322314049586777,0.0,-0.09090909090909091,0.11363636363636363,-0.08677685950413223,0.0371900826446281,0.0743801652892562],[-0.002066115702479339,0.06198347107438017,-0.09090909090909091,0.0,-0.022727272727272728,0.0743801652892562,-0.1115702479338843,0.03305785123966942],[0.10330578512396695,-0.05165289256198347,0.11363636363636363,-0.022727272727272728,0.0,-0.0640495867768595,0.09710743801652892,0.030991735537190084],[0.07644628099173553,0.05371900826446281,-0.08677685950413223,0.0743801652892562,-0.0640495867768595,0.0,-0.05785123966942149,0.08677685950413223],[0.01859504132231405,0.049586776859504134,0.0371900826446281,-0.1115702479338843,0.09710743801652892,-0.05785123966942149,0.0,-0.09090909090909091],[0.3987603305785124,-0.028925619834710745,0.0743801652892562,0.03305785123966942,0.030991735537190084,0.08677685950413223,-0.09090909090909091,0.0]]}