{"Set 1":[0.9701338825952626,0.9299691040164778,0.917610710607621,0.90216271884655,0.9320288362512873,0.8887744593202883,0.9227600411946447,0.956745623069001],"Set 2":[0.966804979253112,0.91701244813278,0.9398340248962656,0.9325726141078838,0.9377593360995851,0.9056016597510373,0.9056016597510373,0.9356846473029046],"Set 2 Corr":[[0.0,0.8132780082987552,0.8257261410788381,0.8112033195020747,0.8091286307053942,0.7614107883817427,0.7489626556016598,0.8132780082987552],[0.8132780082987552,0.0,0.7344398340248963,0.7157676348547718,0.7178423236514523,0.6784232365145229,0.6742738589211619,0.7261410788381742],[0.8257261410788381,0.7344398340248963,0.0,0.7614107883817427,0.7676348547717843,0.7033195020746889,0.7074688796680498,0.7800829875518672],[0.8112033195020747,0.7157676348547718,0.7614107883817427,0.0,0.7655601659751037,0.6970954356846473,0.7053941908713693,0.7489626556016598],[0.8091286307053942,0.7178423236514523,0.7676348547717843,0.7655601659751037,0.0,0.7074688796680498,0.7074688796680498,0.7593360995850622],[0.7614107883817427,0.6784232365145229,0.7033195020746889,0.6970954356846473,0.7074688796680498,0.0,0.6348547717842323,0.6950207468879668],[0.7489626556016598,0.6742738589211619,0.7074688796680498,0.7053941908713693,0.7074688796680498,0.6348547717842323,0.0,0.7323651452282157],[0.8132780082987552,0.7261410788381742,0.7800829875518672,0.7489626556016598,0.7593360995850622,0.6950207468879668,0.7323651452282157,0.0]],"Set 1 Corr":[[0.0,0.8084449021627188,0.7754891864057673,0.752832131822863,0.8084449021627188,0.721936148300721,0.7899073120494335,0.8537590113285273],[0.8084449021627188,0.0,0.7198764160659115,0.6807415036045315,0.7363542739443872,0.6622039134912462,0.7425334706488157,0.7816683831101957],[0.7754891864057673,0.7198764160659115,0.0,0.6642636457260556,0.7075180226570545,0.6292481977342945,0.709577754891864,0.752832131822863],[0.752832131822863,0.6807415036045315,0.6642636457260556,0.0,0.6889804325437693,0.6189495365602472,0.6951596292481977,0.721936148300721],[0.8084449021627188,0.7363542739443872,0.7075180226570545,0.6889804325437693,0.0,0.678681771369722,0.7301750772399588,0.7981462409886715],[0.721936148300721,0.6622039134912462,0.6292481977342945,0.6189495365602472,0.678681771369722,0.0,0.6436663233779608,0.7075180226570545],[0.7899073120494335,0.7425334706488157,0.709577754891864,0.6951596292481977,0.7301750772399588,0.6436663233779608,0.0,0.787847579814624],[0.8537590113285273,0.7816683831101957,0.752832131822863,0.721936148300721,0.7981462409886715,0.7075180226570545,0.787847579814624,0.0]]}